cycle_idx,stage2_rmse,stage3b_rmse,R0_stage2,R0_stage3b,thetaZ_l2_norm,thetaZ_max_abs,shape_drift_rmse,shape_drift_mae,shape_drift_max_abs,Dn_over_Rn2,Dp_over_Rp2,De_over_eps_L1_sq,De_over_eps_L12_intf_sq,De_over_eps_L2_sq,De_over_eps_L23_intf_sq,De_over_eps_L3_sq
1,0.0038966502278447506,0.008736346282057552,0.04932492378755283,0.04874908042715478,0.8357396931491922,0.8334209327404468,0.0,0.0,0.0,0.0011406530735153663,0.0011406530735153663,1.868600384993801,1.0252403917177326,2.6784056686298916,1.0252403917177326,1.868600384993801
2,0.005156268983020549,0.010540605181668564,0.04882389812012796,0.04799353249329342,1.137278415032983,1.1337722699880886,3.985786343254138e+73,1.3965563458751412e+73,1.8883584008396137e+74,0.0011378036136053136,0.0011378036136053136,1.87135405062641,1.0253722905011964,2.6831261875411,1.0253722905011964,1.87135405062641
3,0.0059109252512158355,0.01183446178509545,0.048465955455778226,0.047484340594493184,1.312964431079026,1.309450639089952,7.339172693683156e+73,2.5715287350702006e+73,3.4769925574089243e+74,0.0011479944771785949,0.0011479944771785949,1.8614999058963477,1.0249059707592603,2.666248961870597,1.0249059707592603,1.8614999058963477
4,0.006036889253846948,0.012459290940654401,0.04840962763683186,0.047430271275417574,1.4126583648400968,1.4085625691900185,7.344135230013202e+73,2.5732677902681428e+73,3.479369879159458e+74,0.0011336860929458913,0.0011336860929458913,1.875393839279096,1.025564166448002,2.690040273432182,1.025564166448002,1.875393839279096
5,0.006193295228442301,0.016073748927250473,0.04839360248223974,0.047225051989336575,1.462203874614164,1.4574600737636987,9.924712186549801e+73,3.477460030724658e+73,4.701868789751817e+74,0.0011361680938993333,0.0011361680938993333,1.8728131963281878,1.0254500557908126,2.6856622222761635,1.0254500557908126,1.8728131963281878
6,0.0066543644358543486,0.014827258434155938,0.04812665678785608,0.04678363677629064,1.5372912737261033,1.531732691571678,8.072926927954295e+73,2.828624891044207e+73,3.824652771360156e+74,0.0011299998531257198,0.0011299998531257198,1.8790448010557297,1.0257375987696498,2.696285036504065,1.0257375987696498,1.8790448010557297
7,0.007182989037907519,0.01640463194876535,0.04811597125260872,0.04665783227330056,1.5571107958568642,1.550933477177924,1.4378027051346552e+74,5.0378302608029455e+73,6.811656112438615e+74,0.001131577727754046,0.001131577727754046,1.8774803629558203,1.0256631388244672,2.693608970475382,1.0256631388244672,1.8774803629558203
8,0.007204451606989325,0.014885379560551358,0.04790343350641982,0.04649644637358791,1.6047258381481582,1.5985118355183061,1.014741941606453e+74,3.5554941641357444e+73,4.807493032758023e+74,0.0011162452935336725,0.0011162452935336725,1.8924967356859816,1.0264047262945324,2.7193872262762286,1.0264047262945324,1.8924967356859816
9,0.007583451949027026,0.01780807585818944,0.0479951011554375,0.0463816446457786,1.6254900332784885,1.6186926002294126,1.7164186003885437e+74,6.014055615041384e+73,8.131602452919948e+74,0.0011132391574741076,0.0011132391574741076,1.8955586607664265,1.0265528633981569,2.724621723913253,1.0265528633981569,1.8955586607664265
10,0.01928520290067625,0.03171741301796179,0.04792659150745777,0.04601306491280995,1.6495575638218538,1.643584330957843,1.1051830177081011e+74,3.872381374037498e+73,5.235562622341053e+74,0.001150665778134387,0.001150665778134387,1.858939212157203,1.0247858626448436,2.66186347988873,1.0247858626448436,1.858939212157203
11,0.0092319956100778,0.018958692903960177,0.04787535036791775,0.046398563269653435,1.674346410652032,1.6679981272511382,1.7397213742819856e+74,6.095704373776515e+73,8.241954463745223e+74,0.001058576322190442,0.001058576322190442,1.9543527635557612,1.0294678149745025,2.8249536873119956,1.0294678149745025,1.9543527635557612
12,0.01806684701195444,0.03197616176911348,0.04789007321598089,0.04602511406600969,1.6757817802974104,1.6695318770171474,1.5743534031657176e+74,5.5162794866824976e+73,7.4583104464717e+74,0.0010688046201314434,0.0010688046201314434,1.9430953504978972,1.028885824239217,2.805710674410025,1.028885824239217,1.9430953504978972
13,0.008329998022427315,0.017458240647491182,0.047917382720994134,0.04615575008150924,1.692096494897124,1.6844077712780283,1.913537979962833e+74,6.704731034842085e+73,9.06553959589191e+74,0.0011588155514809515,0.0011588155514809515,1.8512218138239056,1.0244242611111525,2.648636693425847,1.0244242611111525,1.8512218138239056
14,0.02170862084743892,0.03522719929289279,0.04793330324182476,0.04578215765741789,1.6995455389709417,1.6929732332935772,1.276206398555495e+74,4.4716197081782564e+73,6.045776046609746e+74,0.0011092476170668623,0.0011092476170668623,1.8998229870068934,1.026749325564822,2.731863144494642,1.026749325564822,1.8998229870068934
15,0.009454494063077917,0.0198028959001562,0.04786938775034801,0.04608627215411734,1.7240754109331753,1.7152981263151157,1.5269167297445057e+74,5.3500728288476946e+73,7.233972606667454e+74,0.0010890794186359165,0.0010890794186359165,1.9210402944549312,1.0277847318688218,2.768081052623122,1.0277847318688218,1.9210402944549312
16,0.00981837114054613,0.019296535592260435,0.04790331452733462,0.04599975455037449,1.727834271576353,1.7187092552515917,2.2259945700523105e+74,7.799528965333195e+73,1.0545828854387062e+75,0.0011410977483463087,0.0011410977483463087,1.868116052849475,1.025220623566431,2.6775905635613895,1.025220623566431,1.868116052849475
17,0.01035269687399895,0.021627729460735323,0.04790742750798071,0.04607522554024461,1.7373648951692073,1.7281845176292132,2.2559773048978048e+74,7.904582924868319e+73,1.0687794376245735e+75,0.0010914087902243197,0.0010914087902243197,1.9185675042130212,1.0276619924379484,2.76385720111384,1.0276619924379484,1.9185675042130212
18,0.01658095634567523,0.023988265215204765,0.04788650926832172,0.0459089218240704,1.7440630616412365,1.735587792694406,1.746769658412117e+74,6.120414730172426e+73,8.277582995637722e+74,0.001140489275590095,0.001140489275590095,1.868637233918036,1.0252494965518446,2.6785019518709072,1.0252494965518446,1.868637233918036
19,0.010817850963362389,0.020612084866602032,0.047868714594884725,0.04579127997060127,1.753966385322884,1.743807287169174,2.5277771826336755e+74,8.856925464512955e+73,1.197538540415274e+75,0.001160641859475143,0.001160641859475143,1.8495182837862032,1.0243441290462454,2.645713239671404,1.0243441290462454,1.8495182837862032
20,0.02352995873594262,0.03460283247690968,0.04791520780690703,0.04555841107066881,1.765828532164599,1.75531593955009,1.4422363295313806e+74,5.0533653839062574e+73,6.832704494235448e+74,0.0011124397966162712,0.0011124397966162712,1.8965752917385117,1.0265900423434728,2.726305036969877,1.0265900423434728,1.8965752917385117
21,0.011762406343417714,0.0212720194709858,0.047894623264762036,0.04574597944866681,1.7645376918028128,1.7537182876935864,2.816816523478748e+74,9.869673511588011e+73,1.3344779516170615e+75,0.001109720206167215,0.001109720206167215,1.899176625823909,1.0267276488652295,2.73080225048967,1.0267276488652295,1.899176625823909
22,0.022550720121493874,0.03343245567995777,0.04788865843914182,0.04559500897940126,1.7700286614442093,1.7601056292243884,1.756088103953335e+74,6.153050342107365e+73,8.319450887609498e+74,0.0011102443713629472,0.0011102443713629472,1.8986166060567897,1.026701735538361,2.729851018882059,1.026701735538361,1.8986166060567897
23,0.025141994305298135,0.03934981215389727,0.04791508877720194,0.04523715122560135,1.7767732627596693,1.7679632796325946,2.1761153124818347e+74,7.62475555008634e+73,1.0309056623711924e+75,0.0011103358792363919,0.0011103358792363919,1.8985540243840948,1.0266968093340783,2.7297354621590677,1.0266968093340783,1.8985540243840948
24,0.012567734926622623,0.021450315258719013,0.04792110340804081,0.045684043998287856,1.7807602151103288,1.7689537956799648,2.887563606062612e+74,1.0117560655319884e+74,1.3680022267210535e+75,0.0011379350825887339,0.0011379350825887339,1.8711599951438362,1.0253670418277419,2.6828117804429517,1.0253670418277419,1.8711599951438362
25,0.016783394352871784,0.02679802047533948,0.04791919432621485,0.04560379572097132,1.7925272989938599,1.7803440158654071,2.0224133299091276e+74,7.086212916694771e+73,9.581346956787698e+74,0.0011663721620466226,0.0011663721620466226,1.8441634571533378,1.0240957155830148,2.6365339432271377,1.0240957155830148,1.8441634571533378
