cycle_idx,final_stage_name,stage2_rmse,stage2_mae,stage2_p95,stage2_p99,stage2_max_abs,shape_drift_rmse,shape_drift_mae,shape_drift_max_abs,shape_drift_mean_signed,shape_drift_std_signed,stage3b_rmse,stage3b_mae,stage3b_p95,stage3b_p99,stage3b_max_abs,R0_stage3b,thetaZ_l2_norm,thetaZ_max_abs,thetaZ_c0,R0_stage2,stage3a_rmse,stage3a_mae,stage3a_p95,stage3a_p99,stage3a_max_abs,stage3b_available,thetaZ_stage3b_l2_norm,thetaZ_stage3b_max_abs,thetaA_hat_1,thetaA_hat_2,thetaA_hat_3,thetaA_hat_4,thetaA_hat_5,thetaA_hat_6,thetaA_hat_7,Dn_over_Rn2,Dp_over_Rp2,De_over_eps_L1_sq,De_over_eps_L12_intf_sq,De_over_eps_L2_sq,De_over_eps_L23_intf_sq,De_over_eps_L3_sq,thetaB_hat_8,thetaB_hat_9,thetaB_hat_10,thetaB_hat_11
126,stage3b,0.043536699214621055,0.03748024798932658,0.07476367707449279,0.07623892312217861,0.0769008609884615,0.0,0.0,0.0,0.0,0.0,0.05891460810649327,0.04727319031793137,0.11650219295045008,0.13977790353832228,0.1563451638865625,0.046609820007022774,1.1863344604118793,1.1298339993867628,-1.1298339993867628,0.05130161303109999,0.1319738282526476,0.1131939882812321,0.19985072054513014,0.2850850073115022,0.41458339289470425,True,1.2769923264802239,1.2263817672396664,0.0011304085929556733,0.0011304085929556733,1.8783981619307113,1.0257212994945568,2.6952443166390228,1.0257212994945568,1.8783981619307113,0.0011304085929556733,0.0011304085929556733,1.8783981619307113,1.0257212994945568,2.6952443166390228,1.0257212994945568,1.8783981619307113,0.11016945956365193,-0.11016945402015695,0.29353031109404876,-0.29353031109404876
127,stage3b,0.04366927569113148,0.03809041595415861,0.07409801646627369,0.07555676693985688,0.07596973718724243,2.1808523596367494e+68,7.641421549853806e+67,1.033874161969088e+69,-1.2745898292888867e+65,2.180851987172432e+68,0.05767096853325588,0.04662435986324347,0.11757003162276919,0.13137909150292412,0.13806125684078507,0.04693417454248589,1.2083686898925041,1.1472462032070672,-1.1472462032070672,0.05156612134527656,0.13223279193625198,0.11353620399073713,0.19645383912322456,0.28727258996177885,0.4218709467706798,True,1.2962571556440146,1.2419711945510288,0.001156551747442074,0.001156551747442074,1.8533699006891868,1.0245237405529843,2.652314730579302,1.0245237405529843,1.8533699006891868,0.001156551747442074,0.001156551747442074,1.8533699006891868,1.0245237405529843,2.652314730579302,1.0245237405529843,1.8533699006891868,0.11059018164033031,-0.11059017880191511,0.28467219964335977,-0.28467219964335977
128,stage3b,0.04470450768648214,0.03865432441548848,0.0776666959701029,0.08021826335728534,0.08099015408948773,6.349581290825329e+68,2.2248119141535955e+68,3.0103180034191934e+69,3.8606903403737384e+65,6.349580117131301e+68,0.060198567393645624,0.04874225970359463,0.11876680181502497,0.13567226304603,0.15056662943487975,0.046681783278530696,1.2065531145929944,1.145355439196896,-1.145355439196896,0.051545476813982964,0.13571526601925027,0.116551422045402,0.20971126003263696,0.2951321860688416,0.4187347423459671,True,1.3000647712125324,1.2451340717061892,0.0011404056402144088,0.0011404056402144088,1.8686618354361622,1.0252540427291486,2.6785595265181206,1.0252540427291486,1.8686618354361622,0.0011404056402144088,0.0011404056402144088,1.8686618354361622,1.0252540427291486,2.6785595265181206,1.0252540427291486,1.8686618354361622,0.11065882628953744,-0.11065884072966803,0.29008759775102927,-0.29008759775102927
129,stage3b,0.048023601201268334,0.041530263873845556,0.08409290123193958,0.08600711583252885,0.0865881035350684,7.699062185681694e+68,2.6976544225574234e+68,3.650290381316507e+69,4.836813443799468e+65,7.69906066635596e+68,0.061681901120563105,0.05082395648023579,0.11029806514443719,0.11821066013106821,0.1253380732042806,0.046506307615275924,1.2197596624929796,1.1553299136754693,-1.1553299136754693,0.05137824688409666,0.14126751098661858,0.120995441475969,0.21975097724805148,0.3081683877650645,0.43692126425849853,True,1.3135546485214367,1.2556964907941088,0.0011248531702064317,0.0011248531702064317,1.8839248304030047,1.02598584891577,2.704699827497326,1.02598584891577,1.8839248304030047,0.0011248531702064317,0.0011248531702064317,1.8839248304030047,1.02598584891577,2.704699827497326,1.02598584891577,1.8839248304030047,0.11036717909320577,-0.11036718665846447,0.29548334838333207,-0.29548334838333207
130,stage3b,0.0474571483305459,0.041153036832876654,0.08275830733022804,0.08549018179481034,0.08585888578139178,6.501899708127441e+68,2.2781835678162e+68,3.0826674417678265e+69,4.0662545267689263e+65,6.501898436620017e+68,0.06276328034464326,0.05053656428155219,0.1303773658926488,0.14008589517627426,0.14586625323925384,0.046690721272886274,1.2269738052870358,1.158961495268246,-1.158961495268246,0.05163581879826792,0.1418841328525893,0.12163360714736544,0.22149885487693677,0.30986704246514385,0.43846725266439,True,1.3209828539931525,1.2603591586430816,0.0011196520416616729,0.0011196520416616729,1.889109196726494,1.026237559692898,2.7135779477512982,1.026237559692898,1.889109196726494,0.0011196520416616729,0.0011196520416616729,1.889109196726494,1.026237559692898,2.7135779477512982,1.026237559692898,1.889109196726494,0.11086292147867242,-0.11086291874823861,0.297312865675055,-0.297312865675055
131,stage3b,0.050014490174000524,0.04339191939383049,0.08792947165956144,0.0914662022902645,0.09196094162936941,5.856553475107976e+68,2.052063766970712e+68,2.776849308737426e+69,3.7890127507369193e+65,5.856552249419591e+68,0.06542070055442893,0.0530484988507638,0.12787681169037235,0.148560707743296,0.17369816759555246,0.04665157598478565,1.2409049942619559,1.169467686694953,-1.169467686694953,0.05154878685415187,0.144679349015126,0.1234175528651224,0.22747967395500956,0.3181108927647895,0.44880458680749546,True,1.3332199821197097,1.2699953279940495,0.0011514195683213207,0.0011514195683213207,1.8582070205428711,1.0247522730743812,2.6606125813118093,1.0247522730743812,1.8582070205428711,0.0011514195683213207,0.0011514195683213207,1.8582070205428711,1.0247522730743812,2.6606125813118093,1.0247522730743812,1.8582070205428711,0.1112364924341146,-0.11123648774264047,0.2863870807029063,-0.2863870807029063
132,stage3b,0.05906582400511397,0.052219203351435296,0.09163071894776109,0.11655535269349798,0.12891594335723378,1.4236620333864928e+69,4.988329790521794e+68,6.7495906667031125e+69,8.69884483480608e+65,1.4236617676285154e+69,0.07198921377676526,0.05734771382119804,0.1398453408945768,0.14848853378134946,0.15670398952008968,0.04610560437840565,1.2604144433321776,1.1877157756626635,-1.1877157756626635,0.05154343712219552,0.14154155943029278,0.12164269311662121,0.23794855763019473,0.30682651670539757,0.4040354949858571,True,1.3668980877382941,1.3001569244775921,0.001136510518778213,0.001136510518778213,1.8724124340851882,1.0254349077384042,2.684994065195199,1.0254349077384042,1.8724124340851882,0.001136510518778213,0.001136510518778213,1.8724124340851882,1.0254349077384042,2.684994065195199,1.0254349077384042,1.8724124340851882,0.10935147727160051,-0.10935157886346816,0.2914137969885582,-0.2914137969885582
133,stage3b,0.053129784704899895,0.04641284230769701,0.09012625966662557,0.0969590815444417,0.09805471089078899,6.33127995039425e+68,2.2184038089460693e+68,3.0021361502135366e+69,4.260086457693362e+65,6.331278517165991e+68,0.06598634107334543,0.053723270946579756,0.11806726863920991,0.1320292788777521,0.13227762922696362,0.0467684462869997,1.2690608056605641,1.1905431925927035,-1.1905431925927035,0.0515843852671639,0.14931334385127287,0.12634507557405109,0.23608804656050952,0.3322436676430234,0.46817165027357355,True,1.3583396772853547,1.2892407286302745,0.001148232060272655,0.001148232060272655,1.861211293856959,1.0248960285448934,2.6657710608108003,1.0248960285448934,1.861211293856959,0.001148232060272655,0.001148232060272655,1.861211293856959,1.0248960285448934,2.6657710608108003,1.0248960285448934,1.861211293856959,0.11126920415475551,-0.1112691848681742,0.28745104382953857,-0.28745104382953857
134,stage3b,0.05353429281960024,0.04614983084757626,0.09571006620542555,0.09790412186561115,0.09884341648726558,1.4610378155236695e+68,5.1193391951399736e+67,6.932473086998096e+68,1.3644631051967318e+65,1.4610371783875352e+68,0.06194511826613049,0.05147086470059071,0.11177774375914895,0.12079039192518513,0.12560291774946641,0.04759300904232933,1.2815084447126839,1.19924777112516,-1.19924777112516,0.05164557571722206,0.14896705938035923,0.1260631196704205,0.22948464244090294,0.33067415927835436,0.47374148345465983,True,1.3511363372489738,1.2814196680795396,0.0011196385661700666,0.0011196385661700666,1.8891582316280449,1.0262377958446276,2.7136521120989654,1.0262377958446276,1.8891582316280449,0.0011196385661700666,0.0011196385661700666,1.8891582316280449,1.0262377958446276,2.7136521120989654,1.0262377958446276,1.8891582316280449,0.1131369470733882,-0.11313689945435051,0.2973311163082457,-0.2973311163082457
135,stage3b,0.05460029979396976,0.04689043100733146,0.09827240741860921,0.10013179426396425,0.10090441643409553,7.294520311835018e+67,2.5558649534904682e+67,3.454009471095732e+68,8.671871092439084e+63,7.294520260288552e+67,0.05281508839670985,0.04497596974064877,0.09156762027166554,0.10089362103298,0.10330801281894164,0.048325551592367615,1.2910418237086099,1.2052832601655676,-1.2052832601655676,0.051577221733580404,0.14884142628308236,0.12569664917501547,0.22819517249047294,0.33259950773431635,0.4807177081643612,True,1.34098357315688,1.2707415461385112,0.0011457055951660405,0.0011457055951660405,1.8635607268684897,1.0250113552943128,2.6698166162622425,1.0250113552943128,1.8635607268684897,0.0011457055951660405,0.0011457055951660405,1.8635607268684897,1.0250113552943128,2.6698166162622425,1.0250113552943128,1.8635607268684897,0.11581913040357716,-0.11581912207030058,0.2882816542144938,-0.2882816542144938
137,stage3b,0.03500618634378497,0.029313709025054854,0.05830722945767386,0.06919979933636224,0.0728330990250714,3.2408312706429788e+69,1.1355470691231833e+69,1.5366148309790392e+70,-2.0920733662693956e+66,3.240830595388536e+69,0.049677978340371826,0.04412278470931858,0.08073899023213604,0.09496138380814366,0.09711484375827073,0.03952198852885737,2.7513238402383364,2.707822554370936,-2.707822554370936,0.045169061167840675,0.17586556654209004,0.1384430463563955,0.3100926937316333,0.3246952653733495,0.33183980142285163,True,2.875096328939786,2.8457991463704064,0.00114834740172473,0.00114834740172473,1.8610790407409397,1.0248910984458826,2.6655504042172473,1.0248910984458826,1.8610790407409397,0.00114834740172473,0.00114834740172473,1.8610790407409397,1.0248910984458826,2.6655504042172473,1.0248910984458826,1.8610790407409397,0.11981940969608533,-0.11981938170685588,0.28740364843850313,-0.28740364843850313
138,stage3b,0.09274980229447019,0.08012187449217714,0.1714460283245309,0.18053459067115818,0.18086577962585682,3.2443626223910644e+69,1.136784423473918e+69,1.5382905822373255e+70,-2.0955061151947298e+66,3.2443619456562405e+69,0.101377132709789,0.08353555335178878,0.18936606523962293,0.19872989900332697,0.20590431497167438,0.039024540578965025,1.9888328879033819,1.849528102040074,-1.849528102040074,0.04672436677930962,0.2164766320669514,0.18137884213957653,0.3765334148207699,0.4293789297300324,0.4998930497773846,True,2.147503265999581,2.0334814238590337,0.0011589354479239172,0.0011589354479239172,1.8510788525618023,1.0244193857692654,2.648399822579251,1.0244193857692654,1.8510788525618023,0.0011589354479239172,0.0011589354479239172,1.8510788525618023,1.0244193857692654,2.648399822579251,1.0244193857692654,1.8510788525618023,0.10867426457331313,-0.10867426935987162,0.28385818550478015,-0.28385818550478015
139,stage3b,0.09420125567350261,0.07969248791562057,0.17226023310487043,0.1843453922717875,0.18460796376798916,3.2443425044930282e+69,1.1367773742889157e+69,1.5382810298473934e+70,-2.0954817960980227e+66,3.2443418277697156e+69,0.09704391546237504,0.08170669692574027,0.1818467690206325,0.19102868439149193,0.19288227475681374,0.03875911636660735,1.8650789854993663,1.7455331876224736,-1.7455331876224736,0.046434600441184054,0.22479440531287498,0.18254170115813673,0.39202522501801473,0.456580078381244,0.5474344003222753,True,2.027288206788751,1.9304563474907293,0.0010847433588808087,0.0010847433588808087,1.9250909136966714,1.0280221183880114,2.77515836787972,1.0280221183880114,1.9250909136966714,0.0010847433588808087,0.0010847433588808087,1.9250909136966714,1.0280221183880114,2.77515836787972,1.0280221183880114,1.9250909136966714,0.11024965150489813,-0.11024966518635795,0.3099654687575807,-0.3099654687575807
140,stage3b,0.1513132423672203,0.12576176755377724,0.2375857002016302,0.2585341097836068,0.2819662171765951,3.244332893387341e+69,1.1367740066548843e+69,1.5382764703818034e+70,-2.0954735695640633e+66,3.244332216667336e+69,0.12236205552627237,0.09600266997279004,0.22399829599120494,0.233238945644854,0.234596978371012,0.038143923411560886,1.8052437541459143,1.7369069897170077,-1.7369069897170077,0.04532639799364849,0.2161044839092129,0.18206095959436047,0.3965615002172805,0.4029752674271627,0.40337787084216714,True,1.9680060494388971,1.9131108678775453,0.00115774299184286,0.00115774299184286,1.8522237586184762,1.0244715108963853,2.6503562880330698,1.0244715108963853,1.8522237586184762,0.00115774299184286,0.00115774299184286,1.8522237586184762,1.0244715108963853,2.6503562880330698,1.0244715108963853,1.8522237586184762,0.10688140047540824,-0.10688140814708966,0.2842650091376804,-0.2842650091376804
141,stage3b,0.09187873430932056,0.07818432166983831,0.17141760199238823,0.18582711478639352,0.18647163545848522,3.2443414436373618e+69,1.136777002570842e+69,1.5382805260285552e+70,-2.095480429001538e+66,3.244340766914711e+69,0.09619585257310058,0.07957636115865693,0.1805764905056712,0.19089601691206912,0.19229395129148963,0.03789428495274877,1.8382480598527295,1.7362920842147311,-1.7362920842147311,0.045153769519323504,0.21625823777997807,0.17594901866294588,0.3854921016883086,0.4276134381781005,0.4824475097854908,True,1.994431678285875,1.915584592547194,0.0011578697602770594,0.0011578697602770594,1.8520568764417245,1.0244665351550173,2.6500831158565705,1.0244665351550173,1.8520568764417245,0.0011578697602770594,0.0011578697602770594,1.8520568764417245,1.0244665351550173,2.6500831158565705,1.0244665351550173,1.8520568764417245,0.10963451029945824,-0.10963485999318523,0.28420467683003875,-0.28420467683003875
142,stage3b,0.08993192191818868,0.07669029984964222,0.17057327229238398,0.18236181127219087,0.18443941327885516,3.2443404056796426e+69,1.1367766388778575e+69,1.5382800332829744e+70,-2.095479254780896e+66,3.244339728957533e+69,0.09556699358861682,0.07938855808284999,0.17631339441401356,0.193111466267497,0.19492721851731631,0.03781430473103174,1.856171690035181,1.7574929672302746,-1.7574929672302746,0.044858015313423795,0.21624763244621775,0.17583893791072627,0.37880924227122925,0.4265396409705797,0.48347186802887077,True,2.008023329476316,1.9322219638373426,0.001133751027607029,0.001133751027607029,1.8751631073407806,1.025563232740442,2.6896906978971544,1.025563232740442,1.8751631073407806,0.001133751027607029,0.001133751027607029,1.8751631073407806,1.025563232740442,2.6896906978971544,1.025563232740442,1.8751631073407806,0.1094824942829778,-0.10948249577016339,0.29238800074837,-0.29238800074837
143,stage3b,0.1346224607684182,0.10997676173105615,0.20280994575943057,0.29312271274546164,0.4165047987330972,3.244316307147056e+69,1.1367681949341116e+69,1.53826859418228e+70,-2.095452928318546e+66,3.2443156304369244e+69,0.11032553127577116,0.08853533822674022,0.2049937919388587,0.21938010380927112,0.2209134382639939,0.03776840161967219,1.8282540583635194,1.7519324779514134,-1.7519324779514134,0.04477882302606903,0.2169283813761391,0.19037943606523583,0.3868602094908389,0.40784396750982094,0.4238323445670025,True,1.9819379628847038,1.9259130573003873,0.0011477281744465958,0.0011477281744465958,1.8616208999160704,1.0249196914113192,2.6664927620950327,1.0249196914113192,1.8616208999160704,0.0011477281744465958,0.0011477281744465958,1.8616208999160704,1.0249196914113192,2.6664927620950327,1.0249196914113192,1.8616208999160704,0.10701878415217618,-0.10701893417705036,0.28759440253462015,-0.28759440253462015
144,stage3b,0.08799523808007421,0.07471659431077786,0.16765796392427945,0.18031659903968808,0.18339182420645694,3.2443310908109513e+69,1.1367733750024739e+69,1.5382756099538468e+70,-2.0954676313472966e+66,3.2443304140944063e+69,0.09312176996137161,0.07721419333153197,0.1687398504450146,0.18645901059247758,0.18753856725293372,0.037673611869514706,1.8744205663075737,1.7805973206842953,-1.7805973206842953,0.04462878672651497,0.21491672366729653,0.17448713058524767,0.3764138152924792,0.4279549359046149,0.48659483824244676,True,2.025593940390835,1.9538678978225124,0.0011485608060976666,0.0011485608060976666,1.860874522004476,1.0248814764678837,2.6652000600949606,1.0248814764678837,1.860874522004476,0.0011485608060976666,0.0011485608060976666,1.860874522004476,1.0248814764678837,2.6652000600949606,1.0248814764678837,1.860874522004476,0.11029913365357268,-0.11029913786311868,0.2873311619022168,-0.2873311619022168
145,stage3b,0.08793642748806844,0.07407862166538269,0.16516116548437765,0.18197881443025002,0.18372323180462424,3.244329632424041e+69,1.1367728639918283e+69,1.538274917368607e+70,-2.0954657732665803e+66,3.244328955708392e+69,0.091326646812589,0.07550328012589944,0.17841628603791282,0.18899157449571707,0.18996332771141566,0.0376049239395951,1.891608700712229,1.7992824674956371,-1.7992824674956371,0.04459824128200504,0.21614851317727551,0.17593422916066573,0.3840125165842805,0.4275643771367905,0.48254197680204536,True,2.04402530780786,1.9737311575100984,0.00112569650880166,0.00112569650880166,1.8830653789529912,1.0259456382468528,2.703234228764508,1.0259456382468528,1.8830653789529912,0.00112569650880166,0.00112569650880166,1.8830653789529912,1.0259456382468528,2.703234228764508,1.0259456382468528,1.8830653789529912,0.11005154089266257,-0.11005153558550206,0.2951792898921021,-0.2951792898921021
146,stage3b,0.08655234594049371,0.07198513483638108,0.1704330246121164,0.18130625059909783,0.18285964779540587,3.2443293545071753e+69,1.1367727666152546e+69,1.5382747858213122e+70,-2.095465781143056e+66,3.244328677791463e+69,0.08873533945721389,0.07262427930026903,0.1637043426443474,0.18215545641506337,0.1840860317056412,0.03770583495641771,1.9118458201568391,1.8272202679856318,-1.8272202679856318,0.04434736090272696,0.20532294578832003,0.16851258367102406,0.3647279896690099,0.4140089967345754,0.4690835304184171,True,2.057991604012199,1.9930328692799033,0.001149218569957885,0.001149218569957885,1.8602013305734306,1.0248523884055147,2.664058629422714,1.0248523884055147,1.8602013305734306,0.001149218569957885,0.001149218569957885,1.8602013305734306,1.0248523884055147,2.664058629422714,1.0248523884055147,1.8602013305734306,0.11091074858359012,-0.11091082712788557,0.2870914850429606,-0.2870914850429606
147,stage3b,0.08180738963718642,0.06829795286974386,0.16477361504127086,0.174520885301025,0.1751309770953675,3.2443257874711532e+69,1.1367715167469849e+69,1.538273091979805e+70,-2.0954613526471683e+66,3.244325110757557e+69,0.08506408879493232,0.06901511596548943,0.1564034359671893,0.174808499322563,0.17601673669520967,0.037584971629692585,1.9557382016419314,1.874359690851019,-1.874359690851019,0.04419872475187654,0.21015322996482447,0.16974474073486318,0.37245862313754996,0.4271662501457345,0.48700764420714915,True,2.10098734661704,2.0400604565186957,0.001145147588452161,0.001145147588452161,1.864163483434115,1.025035906923582,2.6708312422304337,1.025035906923582,1.864163483434115,0.001145147588452161,0.001145147588452161,1.864163483434115,1.025035906923582,2.6708312422304337,1.025035906923582,1.864163483434115,0.1110363745614733,-0.11103637664986724,0.2884968022601849,-0.2884968022601849
148,stage3b,0.07926437971958311,0.06733730903565367,0.15489506422479,0.16825155138331657,0.16837870827607815,3.244335242534262e+69,1.1367748297433096e+69,1.5382775816197997e+70,-2.095472934060782e+66,3.2443345658151582e+69,0.08552594911467956,0.06856028478885666,0.16656515263056343,0.18129455996514002,0.1927561536923128,0.03728203082740509,1.9994872189793857,1.9215908156793657,-1.9215908156793657,0.0440660091567284,0.21775796234329076,0.17556388650693738,0.3819934243234685,0.42928582892122225,0.48077920798072116,True,2.1488364057474123,2.092561312792667,0.0011246610433071854,0.0011246610433071854,1.8840726823327156,1.0259955881648257,2.7049648576522376,1.0259955881648257,1.8840726823327156,0.0011246610433071854,0.0011246610433071854,1.8840726823327156,1.0259955881648257,2.7049648576522376,1.0259955881648257,1.8840726823327156,0.11001073606285117,-0.11001075579266027,0.29553439194053704,-0.29553439194053704
149,stage3b,0.07554555558468326,0.0624143666174729,0.15140939616927507,0.16302031950463894,0.1656696270371627,3.244325841142877e+69,1.1367715355558848e+69,1.5382731177579685e+70,-2.0954616618910987e+66,3.2443251644290925e+69,0.07984932304308906,0.06466950939871335,0.1572515658374245,0.16884476019760777,0.17005482323829413,0.03769099637688142,2.0077415751369885,1.935189922667378,-1.935189922667378,0.04393241146382221,0.20854061281368014,0.1675001359998335,0.374578516104779,0.4241217685711298,0.4865322564886685,True,2.1454889996181286,2.0918109193203542,0.0011354002400458996,0.0011354002400458996,1.8736400821998778,1.0254849172619704,2.6870574419759614,1.0254849172619704,1.8736400821998778,0.0011354002400458996,0.0011354002400458996,1.8736400821998778,1.0254849172619704,2.6870574419759614,1.0254849172619704,1.8736400821998778,0.11139421153314118,-0.11139428814922145,0.29185166324946943,-0.29185166324946943
150,stage3b,0.07448800145106593,0.061165800842049686,0.1514779199338807,0.16550787599133748,0.16570368136207247,3.244327663216819e+69,1.1367721740013477e+69,1.5382739831597126e+70,-2.095464067050226e+66,3.2443269865018618e+69,0.07884109465938502,0.06305519119683065,0.1487940962338783,0.1659903149907515,0.16923728296037033,0.037634480073881746,2.0237146567598554,1.9529579288568293,-1.9529579288568293,0.04385035681866329,0.20910243923767283,0.16717254274831886,0.37223855899257474,0.4276697388328708,0.49024909761537483,True,2.1610093408330333,2.1091466248804185,0.0011120250090384158,0.0011120250090384158,1.896727025107916,1.0266138557119582,2.7266389214791045,1.0266138557119582,1.896727025107916,0.0011120250090384158,0.0011120250090384158,1.896727025107916,1.0266138557119582,2.7266389214791045,1.0266138557119582,1.896727025107916,0.1117044354237249,-0.11170457798588142,0.2999963722912563,-0.2999963722912563
151,stage3b,0.07349492072935675,0.06026334504968947,0.15261794411387974,0.1630187604387768,0.16517388225822294,3.2443229702385895e+69,1.1367705296104464e+69,1.5382717547418165e+70,-2.095458317015514e+66,3.244322293526367e+69,0.0807897886756409,0.06536615354875078,0.15123146844809487,0.16171935540739568,0.16210485421658816,0.03786955282284494,2.0380417019138526,1.9698540934116737,-1.9698540934116737,0.04375053888327395,0.20951614811318958,0.16674021434708733,0.3787944515444899,0.4304396162170688,0.4940527278510438,True,2.1675623417032974,2.1173659793394024,0.0011375122202672654,0.0011375122202672654,1.8715729535010446,1.0253866511953942,2.6835187649523706,1.0253866511953942,1.8715729535010446,0.0011375122202672654,0.0011375122202672654,1.8715729535010446,1.0253866511953942,2.6835187649523706,1.0253866511953942,1.8715729535010446,0.112913705463264,-0.11291930000114309,0.2911202685407828,-0.2911202685407828
152,stage3b,0.07113456755872972,0.05746543574481948,0.14481541527320818,0.1606257368070875,0.16185308113920183,3.244319148719932e+69,1.1367691905741508e+69,1.5382699401782583e+70,-2.0954536794269767e+66,3.244318472009908e+69,0.07139652929890987,0.05820805211263808,0.13119723807401207,0.1457630327624432,0.14879436708527716,0.03889088156565363,2.0564937184222543,1.9921551046570616,-1.9921551046570616,0.04376546969368718,0.20736650413052563,0.16427148270468647,0.3676837848699128,0.42953454499274674,0.5010083752089329,True,2.160827344117683,2.1126963203694906,0.0010389789904834868,0.0010389789904834868,1.9759681942205725,1.0306357146262408,2.862037297362437,1.0306357146262408,1.9759681942205725,0.0010389789904834868,0.0010389789904834868,1.9759681942205725,1.0306357146262408,2.862037297362437,1.0306357146262408,1.9759681942205725,0.11628287342602918,-0.11682619463224003,0.32772457841655245,-0.32772457841655245
153,stage3b,0.06782543872495146,0.05416601967924105,0.1472706081387429,0.15850119804745152,0.1588813841616783,3.2443314184795184e+69,1.136773489825685e+69,1.538275766663352e+70,-2.095468963697939e+66,3.2443307417621815e+69,0.0687700881192495,0.0553116014520524,0.12794110502516454,0.1472812698615426,0.14855883276364823,0.03884341140392439,2.0891667025643383,2.0272669969690136,-2.0272669969690136,0.04370800551420722,0.20877857427760702,0.1640809641430233,0.3792411515940836,0.43391685492386434,0.5025813558643457,True,2.1932269552871078,2.1476083507616415,0.0011385136091328438,0.0011385136091328438,1.8704688590626224,1.0253418054527754,2.6816630380372133,1.0253418054527754,1.8704688590626224,0.0011385136091328438,0.0011385136091328438,1.8704688590626224,1.0253418054527754,2.6816630380372133,1.0253418054527754,1.8704688590626224,0.11612145156299766,-0.11612151134504563,0.29072634653668766,-0.29072634653668766
154,stage3b,0.06615347584185177,0.05200042956469615,0.14368389012460298,0.15669201462682072,0.15913759752439138,3.244330553575735e+69,1.1367731867679078e+69,1.5382753558801483e+70,-2.0954678319507178e+66,3.2443298768589486e+69,0.06535465087516669,0.05258539447480187,0.13387351704758146,0.14677526621095457,0.1483216503945799,0.03879136006681454,2.1086727181269724,2.0488597329649596,-2.0488597329649596,0.043744021401746956,0.20815917971131404,0.16295227206509774,0.37678149833496266,0.43543415682594955,0.5089377832488062,True,2.2142950417664236,2.171236377589414,0.001109577272639636,0.001109577272639636,1.89915396086817,1.026736669053082,2.7308101462900374,1.026736669053082,1.89915396086817,0.001109577272639636,0.001109577272639636,1.89915396086817,1.026736669053082,2.7308101462900374,1.026736669053082,1.89915396086817,0.11577947908337605,-0.11577943690363882,0.3008493768511759,-0.3008493768511759
155,stage3b,0.10030790908354045,0.08628392479385381,0.16819985230489898,0.1850442676160976,0.18603048157873414,3.2443421229854974e+69,1.136777240652373e+69,1.538280853262178e+70,-2.09548512249447e+66,3.2443414462599566e+69,0.07479673047951892,0.06052246854024059,0.1429617243750541,0.16414251169122268,0.19117097054572751,0.03706423349365152,2.090368819244303,2.0496839899211583,-2.0496839899211583,0.04377470103286136,0.2062405533425437,0.17200710600109473,0.3550202101200848,0.47496261744293355,0.5379959925414984,True,2.2468570788377273,2.21956124306175,0.001079544405682327,0.001079544405682327,1.930609151297193,1.028303022030188,2.7846038659676835,1.028303022030188,1.930609151297193,0.001079544405682327,0.001079544405682327,1.930609151297193,1.028303022030188,2.7846038659676835,1.028303022030188,1.930609151297193,0.10717300005711952,-0.10717294356352816,0.31189786900549565,-0.31189786900549565
156,stage3b,0.05606261534177675,0.04424722772684826,0.11065251467158155,0.12713319722609767,0.12866167918956561,3.244332347548364e+69,1.13677381536934e+69,1.53827620822595e+70,-2.0954704334775098e+66,3.2443316708302713e+69,0.059186368277839206,0.04646758931993074,0.12540311995248407,0.14515477441165603,0.1480058339276915,0.03965160080844045,2.1764555827041776,2.1221994014306382,-2.1221994014306382,0.04391731447107739,0.1936658288639259,0.14743525148441036,0.35316247233031905,0.41835831975150983,0.4954005280374969,True,2.2644641264850165,2.2260458487209345,0.0011525916706207882,0.0011525916706207882,1.8571035686456399,1.024699746309655,2.6587184838462945,1.024699746309655,1.8571035686456399,0.0011525916706207882,0.0011525916706207882,1.8571035686456399,1.024699746309655,2.6587184838462945,1.024699746309655,1.8571035686456399,0.11516173751670314,-0.11516172040971928,0.2859961026614312,-0.2859961026614312
157,stage3b,0.08739387059482827,0.07246255835534135,0.1508176744928369,0.18017205251452884,0.21381092158321957,3.2443528001249446e+69,1.1367809818598693e+69,1.538285923531848e+70,-2.0954984833901687e+66,3.244352123393001e+69,0.08168567272619977,0.06268225149083413,0.1476647712584834,0.2334312791529952,0.2730651326002924,0.037598551637141396,2.1615540806328024,2.121662368835639,-2.121662368835639,0.04404594169803991,0.22915138494222684,0.19294940280484568,0.35563685605001866,0.5571072373940182,0.6139099704500584,True,2.30974680369156,2.283348070185993,0.001036710860025334,0.001036710860025334,1.978772784077257,1.0307728525166198,2.86677358711462,1.0307728525166198,1.978772784077257,0.001036710860025334,0.001036710860025334,1.978772784077257,1.0307728525166198,2.86677358711462,1.0307728525166198,1.978772784077257,0.10809021147506963,-0.10809025702503289,0.32870482459946304,-0.32870482459946304
158,stage3b,0.0863341838224139,0.07162070850743504,0.1723579098532208,0.18088680465912305,0.18176512601947392,3.2443450996102098e+69,1.1367782836526362e+69,1.5382822676918915e+70,-2.095489608120994e+66,3.244344422882392e+69,0.07614014183807256,0.05959858792192218,0.13246308948075225,0.19628213510444717,0.26496400643982376,0.0375174206394628,2.190044493654269,2.151747788974423,-2.151747788974423,0.04422303732935574,0.2123242788206523,0.1792671163593446,0.3321474571790437,0.5456365565427094,0.6379543207649785,True,2.3470891283016715,2.319638840708673,0.0009622061035995589,0.0009622061035995589,2.0719438385935445,1.0358706133421969,3.025488101887314,1.0358706133421969,2.0719438385935445,0.0009622061035995589,0.0009622061035995589,2.0719438385935445,1.0358706133421969,3.025488101887314,1.0358706133421969,2.0719438385935445,0.10817400905160633,-0.1081740048793781,0.36075783185699556,-0.36075783185699556
159,stage3b,0.07784587662030701,0.0580292867064595,0.1267493660975756,0.20775243306556407,0.3150546855941463,3.2443189661995887e+69,1.13676912664954e+69,1.5382698567728576e+70,-2.095456155668887e+66,3.244318289487927e+69,0.0688026575937728,0.051864197143825466,0.14236839295835058,0.15939753452819874,0.17141652477434866,0.03768837334802598,2.259989947932447,2.211253210115197,-2.211253210115197,0.04437802089185814,0.2167659153057785,0.18740546500234936,0.37585418362804557,0.47844512431072517,0.4974821339639539,True,2.4135772076370765,2.3781656012089663,0.0010816557088219202,0.0010816557088219202,1.928320354118467,1.0281888604731908,2.780698191579547,1.0281888604731908,1.928320354118467,0.0010816557088219202,0.0010816557088219202,1.928320354118467,1.0281888604731908,2.780698191579547,1.0281888604731908,1.928320354118467,0.10778181915461879,-0.10778178606838233,0.3110952269436823,-0.3110952269436823
160,stage3b,0.03906438954241289,0.027777781167783056,0.09346789873985228,0.10999040147674267,0.11243257912687143,3.2443321558192416e+69,1.136773748188861e+69,1.5382761172062645e+70,-2.0954702190959117e+66,3.2443314791012472e+69,0.05064181465254234,0.03711747645978411,0.12304117835737327,0.142778948319483,0.14767397020451423,0.04027065705397027,2.332772971467713,2.2715607834205236,-2.2715607834205236,0.04460384409272043,0.18268271598131314,0.14651968866929732,0.343123967045053,0.42001935074877855,0.5113557053377189,True,2.4194813190774505,2.3752618062436355,0.001118707531164163,0.001118707531164163,1.8900844512128192,1.0262833074307836,2.7152398868695333,1.0262833074307836,1.8900844512128192,0.001118707531164163,0.001118707531164163,1.8900844512128192,1.0262833074307836,2.7152398868695333,1.0262833074307836,1.8900844512128192,0.11679642485300797,-0.11679641950119683,0.297657630458962,-0.297657630458962
161,stage3b,0.04093637594172417,0.03134564337946733,0.09063169772591007,0.10419811911344298,0.10634308671817272,3.2443326107546097e+69,1.1367739075942109e+69,1.5382763330966575e+70,-2.0954706648446143e+66,3.2443319340364226e+69,0.05453477636337778,0.04202651829475068,0.12180238935672438,0.14495394745950912,0.14511771492525116,0.04068924270419514,2.3918022693095637,2.3260456010047337,-2.3260456010047337,0.0448520639468855,0.19748020859594992,0.16024539121814113,0.37484454744849827,0.44993235821147787,0.5378342266222602,True,2.4738470858920922,2.4250228935447318,0.0010513706443191413,0.0010513706443191413,1.9617932161591305,1.0298943808639585,2.837841316942162,1.0298943808639585,1.9617932161591305,0.0010513706443191413,0.0010513706443191413,1.9617932161591305,1.0298943808639585,2.837841316942162,1.0298943808639585,1.9617932161591305,0.11742477723221945,-0.11742480732327987,0.3227942227969621,-0.3227942227969621
162,stage3b,0.047240340493878034,0.03682846270383741,0.0863977187935876,0.10726393754938836,0.10816756417622897,3.244334185779982e+69,1.1367744594730625e+69,1.5382770809348042e+70,-2.0954725561080274e+66,3.2443335090609023e+69,0.05968715230714222,0.04648234994051843,0.1254030181591652,0.14921400355360392,0.15475463727654226,0.041289428195877984,2.4228430699073593,2.353487961677941,-2.353487961677941,0.04538658093856359,0.18350229337509744,0.1490365178803599,0.3580882181795042,0.4098385450878923,0.4603824194878068,True,2.5005755104768714,2.4494702070425314,0.0011238218553970458,0.0011238218553970458,1.884920692238801,1.0260358169003376,2.706413218125195,1.0260358169003376,1.884920692238801,0.0011238218553970458,0.0011238218553970458,1.884920692238801,1.0260358169003376,2.706413218125195,1.0260358169003376,1.884920692238801,0.11760058124161364,-0.11760057815317025,0.2958341323667351,-0.2958341323667351
163,stage3b,0.055535141273264504,0.04199797590598316,0.10227055567645102,0.11366647569406522,0.11687403515515848,3.2443443107001907e+69,1.1367780071864646e+69,1.5382818890072385e+70,-2.095485255326341e+66,3.2443436339750204e+69,0.06495001792362076,0.05104397721817125,0.13476305378584402,0.16009465837846779,0.1610147921440248,0.04207222049619337,2.4585359344240505,2.3879485643259546,-2.3879485643259546,0.04624602423950681,0.2035560054724373,0.1662801769301026,0.38908081349351875,0.4578966532293812,0.5359755507444026,True,2.5345454986750684,2.483892297034557,0.0011578732512910583,0.0011578732512910583,1.8520449825368164,1.0244664896128373,2.6500650682558136,1.0244664896128373,1.8520449825368164,0.0011578732512910583,0.0011578732512910583,1.8520449825368164,1.0244664896128373,2.6500650682558136,1.0244664896128373,1.8520449825368164,0.11711173668465447,-0.11711172248005723,0.28420025036356167,-0.28420025036356167
164,stage3b,0.05710570737839211,0.04704968610580535,0.0978123514574627,0.10676554433444253,0.1086487019886635,3.2443324715279603e+69,1.1367738588277542e+69,1.5382762689411288e+70,-2.0954721187635303e+66,3.2443317948088046e+69,0.08619583125451569,0.073616506788759,0.14354124783794564,0.1600329360433448,0.1610237326051025,0.03998624237879949,2.4006858409963736,2.3448255995456018,-2.3448255995456018,0.04664667232203472,0.23220100027273857,0.19433138335177336,0.41669306747296897,0.49877361163670025,0.607721140114891,True,2.544257444456687,2.502226351286319,0.0009123747433299417,0.0009123747433299417,2.142813100747059,1.0399775789567736,3.145835146931258,1.0399775789567736,2.142813100747059,0.0009123747433299417,0.0009123747433299417,2.142813100747059,1.0399775789567736,3.145835146931258,1.0399775789567736,2.142813100747059,0.1102422377504352,-0.11024224286116191,0.3847366213315867,-0.3847366213315867
165,stage3b,0.05677413500849264,0.04607477273018115,0.10000539802475883,0.11516950585372178,0.1175048707769466,3.24433015945208e+69,1.136773048690923e+69,1.5382751711221083e+70,-2.0954693258776983e+66,3.244329482734246e+69,0.08690014594827608,0.073603948697114,0.16004040335324432,0.16698180965709256,0.1715820621297499,0.040124805089432045,2.4067485063823373,2.351716163279737,-2.351716163279737,0.04698718236041228,0.24038665163565037,0.2012796385003355,0.4267529575063409,0.5195490916353268,0.6342194630245208,True,2.554604594346367,2.5131415507416124,0.0008560591771733005,0.0008560591771733005,2.2326697347460227,1.045476127973949,3.298094401019388,1.045476127973949,2.2326697347460227,0.0008560591771733005,0.0008560591771733005,2.2326697347460227,1.045476127973949,3.298094401019388,1.045476127973949,2.2326697347460227,0.11002517063093353,-0.11002518275070519,0.4146075396661163,-0.4146075396661163
166,stage3b,0.056238572000942275,0.046268148722471945,0.09843033837478798,0.11282863558621838,0.11380440104205336,3.244330065747073e+69,1.1367730158594904e+69,1.538275126872762e+70,-2.095469415408785e+66,3.2443293890291618e+69,0.08669698620928085,0.07336856405744027,0.1540196206333595,0.16609110471659896,0.16794717581995955,0.04035151822885965,2.4151663242170107,2.3623166713082107,-2.3623166713082107,0.04718604586743601,0.24025546534811956,0.20120687347020866,0.42892928708269407,0.5174237742372556,0.6325466687417549,True,2.5623655677602217,2.5222732587679917,0.001166699015188796,0.001166699015188796,1.8438555827485636,1.024081708267485,2.6360071825586875,1.024081708267485,1.8438555827485636,0.001166699015188796,0.001166699015188796,1.8438555827485636,1.024081708267485,2.6360071825586875,1.024081708267485,1.8438555827485636,0.10990493142285379,-0.10990498822251749,0.281293970781092,-0.281293970781092
167,stage3b,0.06312250355101404,0.0549611346799956,0.09560213021958353,0.12392112107937323,0.15201565797270106,3.2443329698686693e+69,1.1367740334566307e+69,1.538276507047285e+70,-2.095473952672869e+66,3.2443322931484336e+69,0.09506960258141968,0.08090761641674339,0.1579131522242534,0.1796445272600661,0.1942826676219752,0.04040498266317912,2.4238456853114903,2.373916016439966,-2.373916016439966,0.04735904571736334,0.24669487759283415,0.20401936152996394,0.4293640853089198,0.6099299265807425,0.6405006520297043,True,2.5751829506055546,2.5362820201424956,0.0009404556947917884,0.0009404556947917884,2.102096988682772,1.0375853873158027,3.076685810393536,1.0375853873158027,2.102096988682772,0.0009404556947917884,0.0009404556947917884,2.102096988682772,1.0375853873158027,3.076685810393536,1.0375853873158027,2.102096988682772,0.1092286185034163,-0.10922856457867879,0.37101076944753164,-0.37101076944753164
168,stage3b,0.058010648486854825,0.04809272512353857,0.10168288693905181,0.10744245226648999,0.10788517352617699,3.2443300750691955e+69,1.1367730191298782e+69,1.5382751317406463e+70,-2.0954697917232407e+66,3.2443293983510433e+69,0.09103183887306229,0.07757689391340372,0.162548284988429,0.16628074303193294,0.16725331196952808,0.040532387078507655,2.448193178546974,2.396172251073029,-2.396172251073029,0.04746823382456784,0.24579762520879542,0.20657845191814295,0.4398558230586559,0.5318543089807716,0.6537342089277525,True,2.598339783143397,2.557702820656741,0.0010167001160411445,0.0010167001160411445,2.0023062995653156,1.0320361316225932,2.90696057992135,1.0320361316225932,2.0023062995653156,0.0010167001160411445,0.0010167001160411445,2.0023062995653156,1.0320361316225932,2.90696057992135,1.0320361316225932,2.0023062995653156,0.1098697697856144,-0.10986974550741496,0.33685033936163145,-0.33685033936163145
169,stage3b,0.06239088345123154,0.05082670848250746,0.10956800342674672,0.11526925662962673,0.11977796735602508,3.244338104276052e+69,1.1367758325083724e+69,1.5382789436047047e+70,-2.095479028338129e+66,3.2443374275536087e+69,0.09924596364452844,0.08415862716264944,0.16795180701362525,0.18949773489466962,0.2004626538073495,0.040367953262081195,2.5024807936535574,2.4450245305785887,-2.4450245305785887,0.04748521831679652,0.2561597819896936,0.21474878427485622,0.44902675112185025,0.5638060370165688,0.6982622903938598,True,2.656603920717599,2.611182510160273,0.001154524235897094,0.001154524235897094,1.8552591040354869,1.0246138751552827,2.6555603746586143,1.0246138751552827,1.8552591040354869,0.001154524235897094,0.001154524235897094,1.8552591040354869,1.0246138751552827,2.6555603746586143,1.0246138751552827,1.8552591040354869,0.10956737635124131,-0.10956745926622938,0.2853417269115897,-0.2853417269115897
170,stage3b,0.059939085373966264,0.04914913684698361,0.10514581578806581,0.11409592928764942,0.11756255535843296,3.2443319821034007e+69,1.1367736873409785e+69,1.5382760370509577e+70,-2.0954719411921073e+66,3.244331305384258e+69,0.09488423817755544,0.0809164632233939,0.1543896971883394,0.19111549940679853,0.2166439324029854,0.04055614265986732,2.485277278257816,2.430087280562241,-2.430087280562241,0.04750828163889748,0.2515899072050952,0.21116897994325634,0.44479025946839434,0.5493114747600721,0.6727429364841742,True,2.635259623649333,2.5918648475151196,0.00090914635490809,0.00090914635490809,2.1477278518991554,1.0402665966973799,3.154154508512667,1.0402665966973799,2.1477278518991554,0.00090914635490809,0.00090914635490809,2.1477278518991554,1.0402665966973799,3.154154508512667,1.0402665966973799,2.1477278518991554,0.1100837269108797,-0.11008374413423205,0.38638898077449385,-0.38638898077449385
171,stage3b,0.0636334136808916,0.05169904910614812,0.1081409945468758,0.12129162799648566,0.12256337245045468,3.2443414203674426e+69,1.1367769944470752e+69,1.5382805182803393e+70,-2.095483140671972e+66,3.244340743643035e+69,0.0992995490571469,0.08531622192799089,0.15892278856370182,0.19229463346735745,0.20857926352034895,0.040652397659463414,2.5161480504502767,2.457905913829831,-2.457905913829831,0.047563253981280446,0.25532152930406415,0.21290805209654348,0.45871632079971,0.5650390370151308,0.6986509168713377,True,2.6644956791670995,2.6185060027033864,0.0009729639534600047,0.0009729639534600047,2.057631089603168,1.0350634199796296,3.0011371451516404,1.0350634199796296,2.057631089603168,0.0009729639534600047,0.0009729639534600047,2.057631089603168,1.0350634199796296,3.0011371451516404,1.0350634199796296,2.057631089603168,0.1098051866155148,-0.10980517347182393,0.3558735160888267,-0.3558735160888267
172,stage3b,0.0660228955846212,0.05385903963545418,0.11108275791213697,0.12407088142171457,0.12630476176542538,3.2443415748441115e+69,1.1367770485741327e+69,1.5382805915614253e+70,-2.095483272462175e+66,3.2443408981196515e+69,0.10316742483170124,0.08859708132968468,0.16675374467364645,0.20665894139314867,0.23942060006496568,0.040558526814105544,2.5275848634889146,2.4690421965221496,-2.4690421965221496,0.047467035144557045,0.2582598802509504,0.2153564535195924,0.4675483398013177,0.5714260656536108,0.7057831365440421,True,2.67647221412411,2.629918338502724,0.001156149940572805,0.001156149940572805,1.8536807673308526,1.0245423718288398,2.652866179448442,1.0245423718288398,1.8536807673308526,0.001156149940572805,0.001156149940572805,1.8536807673308526,1.0245423718288398,2.652866179448442,1.0245423718288398,1.8536807673308526,0.10992427038199065,-0.1099242645713602,0.2847808905676493,-0.2847808905676493
173,stage3b,0.07228041241640759,0.06380266869998755,0.1114729218853282,0.11739149872055077,0.11789153404643304,3.2443380668924757e+69,1.1367758194152612e+69,1.5382789265035674e+70,-2.0954795209854862e+66,3.2443373901697064e+69,0.10669390814177934,0.08938996702215143,0.1829220888722818,0.19903477907092962,0.21195905952241922,0.04078970651343281,2.539764558014176,2.4827230768158897,-2.4827230768158897,0.04774751264578433,0.2604585497671812,0.22172335570009588,0.4459250116464474,0.552185061423915,0.6846099936614678,True,2.6912778545156173,2.6439552520284226,0.0011291249798499538,0.0011291249798499538,1.8797308486450677,1.02578135268737,2.6975081208510203,1.02578135268737,1.8797308486450677,0.0011291249798499538,0.0011291249798499538,1.8797308486450677,1.02578135268737,2.6975081208510203,1.02578135268737,1.8797308486450677,0.10893671512758189,-0.10893673613824888,0.29400298594965685,-0.29400298594965685
174,stage3b,0.06394584971137861,0.052303611172604576,0.10917167213850032,0.12209889736390814,0.1265099957538678,3.244334341883404e+69,1.1367745141940551e+69,1.5382771576320518e+70,-2.095474885149695e+66,3.244333665162852e+69,0.10141959931520836,0.08660780067533648,0.17151096079596684,0.20473369446085016,0.24068981106645637,0.04080726850029627,2.511469736105022,2.4539829873407983,-2.4539829873407983,0.04777031588775142,0.2606756803606993,0.2186571482783729,0.45959638494202504,0.569534484573989,0.6994602110987405,True,2.6609162109930793,2.615171282742037,0.001090378962524047,0.001090378962524047,1.9191430292261735,1.0277223254620544,2.7649818877181387,1.0277223254620544,1.9191430292261735,0.001090378962524047,0.001090378962524047,1.9191430292261735,1.0277223254620544,2.7649818877181387,1.0277223254620544,1.9191430292261735,0.11023436363225662,-0.11023437294362799,0.3078796975542658,-0.3078796975542658
175,stage3b,0.06483846814411987,0.052894095332074,0.11103804585039256,0.12097122257533711,0.12580666668810725,3.2443377250451817e+69,1.1367756996339889e+69,1.538278764172716e+70,-2.09547909559519e+66,3.2443370483226154e+69,0.10243252684358693,0.08812534652544453,0.16945260001881168,0.19001109122190302,0.19743209600389822,0.040905384180253086,2.52499428795415,2.466531465501239,-2.466531465501239,0.04779604771200674,0.2621219784983507,0.21895195598183398,0.45951588218083206,0.5758345764541155,0.7071159874070085,True,2.6724881204380777,2.625814194300463,0.0011244418859533672,0.0011244418859533672,1.8843181814282852,1.0260058025685828,2.7053776148164976,1.0260058025685828,1.8843181814282852,0.0011244418859533672,0.0011244418859533672,1.8843181814282852,1.0260058025685828,2.7053776148164976,1.0260058025685828,1.8843181814282852,0.11011224656759837,-0.11011227945973935,0.29562181295361595,-0.29562181295361595
